Subtitle,,,,,,,,,,,,,,,,
Functional response trait,,+,Category,+,Response,,=,Examples,,,Abreviations,,,,,
BS,Body size,,SM=small; MD=medium; LG=large,,+,Positive,,BS.SM.+,"""Small sizes respond positively""",,PRE,Proportion of rural environment,CNT,Conectivity,FWR,Foraging resources
ST,Sociality,,SL=solitary; PS=parasocial; SC=social,,0,Neutral,,ST.SC.0,"""Social ones respond neutral""",,PNE,Proportion of natural environment,MSI,Mean shape index,PTV,Proportion of tree vegetation
NL,Nest location,,AG=above ground; GD=ground,,-,Negative,,,,,PSE,Proportion of seminatural environment,MPS,Mean patch size,MCT,Monoculture
DS,Diet specialization,,OL=oligolectic; PL=polylectic,,,,,,,,PUE,Proportion of urban environment,EDG,Edge,PCT,Polyculture
,,,,,,,,,,,HL,Habitat loss,DOE,Diversity of environments,CLI,Chemicals inputs
,Land-use,,,,Landscape,,,,,,Vegetation,,Management intensity,,,Observations
,PRE,PNE,PSE,PUE,HL,CNT,MSI,MPS,EDG,DOE,FWR,PTV,MCT,PCT,CLI,
"Ahrenfeldt et al., 2015",,,,,,,,,BS.SM.0                       BS.MD.0                 BS.LG.0,,,,,,,Richness of solitary bees was greater at the edges than in the middle of the strawberry field. There were fields of mass flowering culture nearby. Higher proportion of polyletic bees that nest on the ground. Bee species richness was greater at the edges than in the middle of the strawberry field.
"Banaszak, Twerd, 2018",,,,,,,,,,,,,,,,"Proportion of seminatural environments. Nesting location and sociality. Bees preferred seminatural environments of steppe and open forest (richness and abundance of species, as well as solitary bees and bees that nest on the ground)."
"Banaszak-Cibicka et al., 2018",,BS.LG.+ ,,ST.SC.+                DS.OL.+     ,,,,,,,,,,,,"The study aimed to compare the response of body size, sociality and diet specialization between urban parks and natural areas"
"Bartolomeus et al., 2018",BS.SM.-   ,,NL.AG.+         NL.GD.+               BS.LG.+           DS.PL.+  ,,,,,,,,,,,,,Small bees responded negatively to the PRE of watermelon in a 300m buffer. Above-ground and polyletic bees responded positively to PSE in a cranberry crop in a 300 m buffer. Bees that nest on the ground and large bees responded to cranberry PSE in a 1500 m buffer
"Basu et al., 2016",NL.AG.-       NL.GD.+ ,,,,,,,,,NL.GD.-  ,,,,,NL.AG.-       NL.GD.+     ,
"Carrie et al., 2018",,,BS.LG.-  ,,,,,,,,,,,,,"Proportion of seminatural environments (permanent pastures) in agricultural areas. All traits were analyzed, but only large bees responded significantly to the proportion of seminatural environment"
"Diekoetter et al., 2014",,,"NL.AG.+ (1000, 1250 e 1500 m)",,,,,,,"NL.AG.+ (1750, 2000 m)",,,,,,"8 different radius and only with bees that nest in cavities. In addition to mass flowering plants, the study also analyzed the proportion of seminatural environment and found that, when the plantation was not at its peak, seminatural environments were important to maintain the diversity of bee community that nest in cavities"
"Evans et al., 2018","NL.AG.- (1500, 700 m)",,"NL.AG.+ (1500, 700 m)",,,,,,,DS.OL.+,,,,,,"Only pasture was positive for bees that nest above ground. The diversity of flowering plants here is understood as ""mass flowering -bee-friendly"""
"Fabian et al., 2014",,,,,,,,,,,,NL.AG.0,,,,
"Forrest et al., 2015",,,ST.SL.+      NL.AG.+        DS.OL.+    ,,,,,,,,,,,,,"Comparison between seminatural sites, conventional farms and organic farms. In general, farms had bees with similar functional traits that differed from seminatural sites. The big difference was between seminatural sites and conventional farms."
"Gámez-Virués et al., 2015",,,,,,,,DS.OL.- (500m)     DS.OL.+ (2000m)    BS.SM.+         BS.LG.+  ,,DS.OL.+       BS.SM.+       ,,,,,DS.OL.+     BS.SM.-      BS.SM.+         ,"The responses of specialist diet and small body size to the average patch size, the diversity of environments and the use of chemical inputs occurred within a radius of 500 m. The positive response of body size to the diversity of environments and the use of chemical inputs occurred within a radius of 2000 m."
"Hall et al., 2019",,,,,,,,,,,,BS.SM.+    ST.SL.+     DS.PL.-  ,,,,
"Hamblin et al., 2018",,,,,,,,,,BS.SM.+    BS.MD.+    BS.LG.+ ,,,,,,"All analyzes were performed in an urban / semi-urban environment. Waterproof surface was used as a variable for proportion of urban environment, but I didin't consider it here"
"Harrison et al., 2018",NL.AG.-         ST.SC.+,NL.AG.+ ,,,,,,,,,,,,,,
"Hass et al., 2018",,,,,,BS.SM.+  ,,,,,,,NL.GD.+ ,3.1.1,,Rice fields (connected and isolated) vs. agroforestry
"Holzschuh, Steffan-Dewenter, Tscharntke, 2010",NL.AG.-   ,,,,,,,,NL.AG.0  ,,,,,NL.AG.+ ,NL.AG.- ,Organic farming vs. Conventional agriculture. Bees that nest in cavities (trap-nesting)
"Jha, Vandermeer, 2010",,,,,,,,,,,ST.SL.+                ST.SC.+          NL.AG.+      NL.GD.+     ,ST.SL.+    ST.SC.+       NL.AG.+     NL.GD.+,,,,
"Klein et al., 2002",,,,,,,,,,,ST.SL.-      ST.SC.- ,,,,,
"Kratschmer et al., 2019",,,,,,,,,,ST.SC.+   ,ST.SL.+    ST.SC.+,,,,,"Diversity of environments (Shannon index) compensates for low floral coverage and high management intensity with respect to functional diversity, but has low influence on functional diversity alone. High availability of floral resources partially compensated for the high management intensity. The interaction between floral resources and vegetation cover acted positively with bees that nest on the ground, social bees and solitary bees. Extensive management acted positively for solitary bees, even with little floral resource."
"Kratschmer et al., 2018",,,,NL.AG.+,,,,,,NL.AG.+,,ST.SC.+,,,,Larger body species have benefited from bee-friendly cultures
"Krauss et al., 2009",,,,,ST.SL.-        ST.SC.-       NL.AG.-        NL.GD.-              DS.OL.-        DS.PL.- ,,,,,,,,,,,"Solitary, polyletic and that nest on the ground had a more expressive negative response than the social, oligoletic and that nest above the ground. Diversity of environments was not significantly related to traits"
"Kremen, M'Gonigle, 2015",,,BS.LG.-        NL.AG.+       DS.OL.+            ,,,,,,,,,,,,,"In the article, they do restoration of seminatural areas and use post-restoration years as a metric. Instead, I considered it here as ""increasing the proportion of seminatural area"". For sociality the response was neutral."
"Kremen et al., 2018",,ST.SL.+        NL.AG.+,,,,,,,,,,,,,,"In the article, they do restoration of semi-natural areas and use post-restoration years as a metric and proportion of natural environment as a metric. They also use functional diversity and only mention the traits in the discussion."
"Martins et al., 2013",,,,BS.LG.-       DS.OL.+     DS.PL.-   ,,,,,,,,,,,,"The increase in oligolectics has, according to the article itself, to do with the increase in exotic plants present with the increase in urbanization"
"Lichtenberg et al., 2017",BS.LG.+     NL.GD.+,DS.OL.-    DS.PL.+,DS.OL.-        DS.PL.+,,,,,,,,,,,,,"Radii of 10-1350 m. They use ""forest"" as a natural and seminatural environment."
"Main et al., 2019",,,NL.GD.-     DS.OL.- ,,,,,,,,NL.AG.+        NL.GD.+       DS.OL.+     DS.PL.+,,,,,"They used proportion of woodland. Here I assumed that it is a proportion of tree vegetation and seminatural environment. In the article, they also find a negative relationship between diet specialization and nest location and harvest area, in relation to pasture area. I was in doubt because everyone responds positively to the height of the vegetation, but negatively to the woodland."
"Motzke et al., 2016",,,,,,,,,,,BS.SM.+,,,,,"Homegardens in the study I understood as polycultural agriculture, but it can be a seminatural environment. The interaction between percentage of floral coverage and proportion of polyculture agriculture were the variables that best explained the data distribution, mainly of solitary bees and large bees. Large bees were not affected by the distance from the forest, but small bees were."
"Otieno et al., 2015",,,,,,,ST.SL.+      NL.AG.+     DS.PL.+,NL.AG.+,NL.AG.+,,,,,,ST.SL.-        ST.PS.-     ST.SC.-   NL.AG.-      NL.GD.-    DS.PL.- ,"They use distance from seminatural environments, use of chemical inputs, mean shape index, mean patch size and edge density as landscape parameters. The proximity of the seminatural areas had a negative effect on bees that nest on the ground and polylectic bees, but positive effects on all other guilds, regardless of the use of chemical inputs."
"Pisanty, Mandelik, 2015",,,BS.SM.+             BS.MD.+     BS.LG.+   ST.SL.+        ST.PS.+         ST.SC.+           NL.AG.+       NL.GD.+     DS.OL.+     DS.PL.+  ,,,,,,,,,,,,,"All trait categories responded positively to the proportion of seminatural environment, but it depended on the radius and on which crop (almonds had no effect, sunflower had a radius greater than 250m and watermelon occurred in all radii). Bees that nest above  ground were much more sensitive to the proportion of seminatural environment. It is important to note that almond crops are the ones that use the most chemical inputs and that there were fewer bees, while watermelons are the ones that use the least."
"Rader et al., 2014",,,,,,,,,,,,,,,BS.LG.-   BS.SM.+         ST.SL.-         ST.SC.+      DS.OL.-   DS.PL.+,"The study was not limited only to the use of chemical inputs, but the intensity of management related to other parameters"
"Ramos-Fabiel, 2019",,,,,,,,,,,ST.PS.+    ST.SC.+,ST.SC.+   BS.LG.+  ST.SL.-   ST.PS.-   NL.AG.+    NL.GD.- ,,,,Canopy height and canopy coverage were the parameters used.
"Rotches-Ribalta, 2018",,,,,,DS.OL.0  DS.PL.0,,,,,,,,,,
"Rubene et al., 2015",,,NL.GD.0,,,,,,,,,,,,,Proportion of young successional stages of environment
"Schweiger et al., 2005",,,,,,BS.LG.-,,,,,,,,,BS.MD.-  BS.SM.+  BS.LG.+,Smaller bees benefit more from connectivity than larger bees
"Smith, Mayfield, 2018",,,,,BS.SM.-,,,,,,,,,,,Loss of habitat as fragmentation. Bee size was smaller in larger fragments of forest
"Steckel et al., 2014",,,,,,,,,,NL.AG.+,,,,,NL.AG.-,Bees that nest above ground in the study were just trap nesting. The diversity of environments was significant within a 250 m radius and regional
"Steinert et al., 2020",,,,,,,,,,,ST.SL.+  NL.GD.+   BS.LG.- ,,,,,Study only with solitary bees. Flower richness was understood as diversity of forbs. Average bee size decreased.
"Sydenham et al., 2016",,,,,,,,,,,DS.OL.+,,,,,Flower richness was understood as diversity of forbs.
"Sydenham et al., 2015",,,,,,,,,,BS.SM.+ BS.LG.- ,1.1.1               1.3.3             2.3.3                 4.1.1,,,,,Average body size instead of body size categories.
"Winfree, Griswold,  Kremen, 2007",,BS.SM.- BS.MD.-  BS.LG.0  NL.AG.+ ,,,,,,,,,,,,,,"Here bees that nest above ground were only those that nest on wood and the relationship was only on ""local scale"""
"Winsa et al., 2017",,,,,,BS.LG.-  ST.SL.-   ST.SC.-  DS.OL.- ,,,,,BS.LG.-   ST.SL.-  ST.SC.-   DS.OL.-,,,,,
"Wright, Roberts, Collins, 2015",,,,,,BS.SM.- ,,,,,,,,,,They used only bees that nest on the ground
"Wu et al., 2018",,,,,,,,,,,,BS.MD.-  ST.SL.-  NL.GD.-,,,,"Tree vegetation here is tree cover in the article. Large, solitary bees that nest above ground responded negatively to herbaceous vegetation."